batter,decScore_bayes,decScore_bayes_grade,decScore_ci_lower_grade,decScore_ci_upper_grade,95th_pBat_speed_bayes,95th_pBat_speed_bayes_grade,95th_pBat_speed_ci_lower_grade,95th_pBat_speed_ci_upper_grade,smash_factor_bayes,smash_factor_bayes_grade,smash_factor_ci_lower_grade,smash_factor_ci_upper_grade,conScore_bayes,conScore_bayes_grade,conScore_ci_lower_grade,conScore_ci_upper_grade
444482,-0.46951829194563094,,,,80.14678417805327,,,,0.397479053262746,,,,-0.13595925716202287,,,
453568,-0.45561447423576684,,,,79.88848530895731,,,,0.4236627691082024,,,,-0.09435995937822377,,,
455117,-0.4771173754987699,,,,80.21040926713205,,,,0.36039764562686233,,,,-0.25707579672724323,,,
456781,-0.4992465748568119,,,,79.97490147472104,,,,0.4056706068233357,,,,-0.1375790528279407,,,
457705,-0.45022831061843205,,,,80.05087173033749,,,,0.39140852696338047,,,,-0.21856883612383274,,,
457759,-0.5012507287609365,,,,79.82960836085456,,,,0.38936063857323305,,,,-0.0870708788815935,,,
467793,-0.4221284027543523,,,,80.23604922840259,,,,0.4442147918807533,,,,-0.1427329481285884,,,
493329,-0.4604995993770704,,,,79.60074796581,,,,0.4148861045789991,,,,-0.11129418679463757,,,
500743,-0.44100085201819195,,,,79.62448867069014,,,,0.510917442302698,,,,-0.045029818643453165,,,
501303,-0.4439235764617069,,,,78.14591757075489,,,,0.39031144389723005,,,,-0.2080401642953668,,,
502054,-0.44868344198400273,,,,80.10974867844024,,,,0.4768347283809587,,,,-0.16128697121092,,,
502110,-0.48709639181305675,,,,80.02618139726215,,,,0.3383828454327775,,,,-0.20656762278089602,,,
502671,-0.4838813949251903,,,,80.436420777591,,,,0.37648819726373495,,,,-0.1816816711863401,,,
514888,-0.44471688738208953,,,,80.11259756302586,,,,0.4420937646195292,,,,-0.073597124024186,,,
516782,-0.464841932836007,,,,79.90367936008062,,,,0.40881557827963355,,,,-0.1497275203223245,,,
518595,-0.4682239425492172,,,,80.50004586666978,,,,0.3655173666022309,,,,-0.23057004946676948,,,
518692,-0.43824514040002066,,,,80.28448026635809,,,,0.416348882000533,,,,-0.10621391856971343,,,
518735,-0.42893417538710865,,,,80.32911279153275,,,,0.4827589769381709,,,,-0.11431289689930263,,,
518792,-0.46392336229661657,,,,80.1192449603923,,,,0.38029141855972304,,,,-0.15723748204612542,,,
518934,-0.45227421772889254,,,,79.87614014241964,,,,0.4893414753350733,,,,-0.09244565540941178,,,
519203,-0.42112632580229004,,,,79.90367936008062,,,,0.42146860297590155,,,,-0.10783371423563126,,,
519317,-0.4501448042057602,,,,80.9558674003685,,,,0.37999886307541625,,,,-0.22490076463605702,,,
521692,-0.5026285845700221,,,,80.42502523924853,,,,0.39645510906767234,,,,-0.1385362048123467,,,
527038,-0.4663450482641004,,,,79.86474460407717,,,,0.45408853947610694,,,,-0.05482221971468375,,,
541645,-0.47131367981807587,,,,79.50198663350861,,,,0.3792674743646493,,,,-0.16349578348262617,,,
542194,-0.48233652629076096,,,,80.20756038254643,,,,0.3810228072704899,,,,-0.16533646037571462,,,
542303,-0.46647030788310817,,,,80.5541746737965,,,,0.3724655593545168,,,,-0.19081142857605884,,,
542364,-0.4532762946809548,,,,80.64249009595063,,,,0.4048660792414921,,,,-0.1967015946339419,,,
542932,-0.4226294412303835,,,,79.34719723769008,,,,0.45964709367793566,,,,-0.15127368891251883,,,
542963,-0.45920524998065665,,,,80.90458747782739,,,,0.3896531940575398,,,,-0.11239859293049065,,,
543063,-0.4524829837605722,,,,79.58555391468671,,,,0.3340676520392526,,,,-0.20450606466063695,,,
543228,-0.4866788597496975,,,,79.71185446464906,,,,0.32185346056944475,,,,-0.21415121158042044,,,
543257,-0.4043832900615828,,,,79.57035986356341,,,,0.43872937655000127,,,,-0.10960076405299618,,,
543305,-0.4561990191244698,,,,80.19616484420396,,,,0.35827661836563823,,,,-0.15981442969644924,,,
543309,-0.4766998434354106,,,,80.3196165095807,,,,0.4128382161888517,,,,-0.16364303763407323,,,
543510,-0.4627960257255465,,,,79.80586765597442,,,,0.3896531940575398,,,,-0.16003531092361986,,,
543685,-0.4698523175963184,,,,80.01193697433406,,,,0.47434800676435107,,,,-0.058356319349413585,,,
543760,-0.4698523175963184,,,,80.09645388370737,,,,0.45145554011734595,,,,-0.11527004888370862,,,
543807,-0.4610423910594375,,,,80.02903028184775,,,,0.41700713184022326,,,,-0.15996168384789633,,,
543877,-0.46596926940707706,,,,79.97869998750186,,,,0.4418012091352224,,,,-0.08552471029139919,,,
545121,-0.4443411085250662,,,,79.70615669547783,,,,0.5356383807266204,,,,-0.059018963030925436,,,
545341,-0.4599985609010393,,,,80.47440590539922,,,,0.44728662446597445,,,,-0.119834927578568,,,
545361,-0.46763939766051416,,,,80.78303506884107,,,,0.3843140564689412,,,,-0.10393147922228374,,,
547180,-0.43160638059260803,,,,80.2521929077211,,,,0.3593005625607119,,,,-0.15922541309066093,,,
547989,-0.49177275092268075,,,,79.900830475495,,,,0.38943377744430974,,,,-0.1560594488345488,,,
553869,-0.47836997168884776,,,,79.99674292321076,,,,0.39601627584121213,,,,-0.1604770733779611,,,
553882,-0.4604578461707345,,,,79.84005427100183,,,,0.40859616166640345,,,,-0.11342937199062017,,,
553993,-0.4721069907384585,,,,80.49909623847458,,,,0.3737820590338973,,,,-0.18911800583441746,,,
570482,-0.49490424139787537,,,,79.48964146697094,,,,0.43119607282910183,,,,-0.10186992110202467,,,
571448,-0.462503753281195,,,,80.13253975512518,,,,0.46454739804007417,,,,-0.08103345867226336,,,
571466,-0.42166911748465713,,,,79.11263907347428,,,,0.37875550226711246,,,,-0.17041672860063875,,,
571657,-0.46271251931287466,,,,79.92552080857034,,,,0.429001906696801,,,,-0.10937988282582557,,,
571745,-0.44922623366636977,,,,80.2512432795259,,,,0.37626878065050484,,,,-0.21797981951804443,,,
571771,-0.4715224458497555,,,,79.99959180779638,,,,0.43551126622262676,,,,-0.14847586003502436,,,
571912,-0.45369382674431413,,,,80.0860079735601,,,,0.3430637331816859,,,,-0.1916949534847413,,,
571970,-0.40480082212494206,,,,80.80012837635478,,,,0.3760493640372748,,,,-0.2217348003799449,,,
572138,-0.3992058924759277,,,,80.31012022762864,,,,0.4139352992550021,,,,-0.2073038935381314,,,
572191,-0.463088298169898,,,,80.30442245845741,,,,0.3293867642903442,,,,-0.2687825017672858,,,
572233,-0.4822530198780891,,,,80.1534315754197,,,,0.36354261708316016,,,,-0.1658518499057794,,,
572761,-0.4435060443983476,,,,80.02333251267653,,,,0.3522792309373493,,,,-0.1938301386807239,,,
573262,-0.4255104124675625,,,,80.24079736937863,,,,0.39762533100489944,,,,-0.15311436580560728,,,
575929,-0.4618774551861561,,,,80.1031012810738,,,,0.3466475378644439,,,,-0.2267414415291455,,,
578428,-0.48768093670175977,,,,79.73274628494359,,,,0.4398264596161517,,,,-0.049300189035418385,,,
592178,-0.4610006378531016,,,,79.71185446464906,,,,0.35915428481855854,,,,-0.22379635850020396,,,
592192,-0.4732343273095286,,,,80.0698642942416,,,,0.41612946538730294,,,,-0.12513607703066276,,,
592200,-0.44079208598651226,,,,79.93596671871761,,,,0.44370281978321646,,,,-0.11041066188595511,,,
592206,-0.4790797761965585,,,,79.83720538641622,,,,0.38906808308892626,,,,-0.18985427659165283,,,
592273,-0.4518566856655333,,,,80.07556206341283,,,,0.41971327007006093,,,,-0.15466053439580157,,,
592325,-0.39632492123874863,,,,79.70615669547783,,,,0.4241747412057392,,,,-0.19714335708828312,,,
592348,-0.43974825582811405,,,,79.17151602157703,,,,0.38416777872678776,,,,-0.18344872100370502,,,
592450,-0.43164813379894396,,,,81.13534712926239,,,,0.36507853337577073,,,,-0.2304227953153224,,,
592518,-0.4637981026776088,,,,80.39938527797797,,,,0.4248329910454295,,,,-0.15362975533567202,,,
592626,-0.42363151818244577,,,,80.39273788061153,,,,0.37765841920096205,,,,-0.13978786509964686,,,
592663,-0.46216972763050757,,,,80.3196165095807,,,,0.3889949442178496,,,,-0.15753199034901957,,,
592669,-0.4468880541115578,,,,80.40223416256359,,,,0.4477254576924346,,,,-0.13537024055623456,,,
592696,-0.43661676535291943,,,,80.31391874040946,,,,0.4066214121473327,,,,-0.16275951272539077,,,
592885,-0.43189865303695957,,,,79.79637137402237,,,,0.4154712155476127,,,,-0.11954041927567385,,,
593160,-0.46880848743792014,,,,79.60929461956685,,,,0.4328051279927891,,,,-0.10312158138932483,,,
593428,-0.47277504203983334,,,,79.97869998750186,,,,0.4854651151680085,,,,-0.10606666441826634,,,
593871,-0.4359069608452087,,,,80.25884030508753,,,,0.36946686564037234,,,,-0.16813428925320906,,,
593934,-0.4534433075062986,,,,79.81631356612169,,,,0.33326312445740897,,,,-0.23064367654249301,,,
594807,-0.4743199106742627,,,,80.3034728302622,,,,0.36595619982869104,,,,-0.1684287975561032,,,
595281,-0.4572010960765321,,,,79.87329125783403,,,,0.3651516722468474,,,,-0.22379635850020396,,,
595284,-0.46041609296439856,,,,79.3490964940805,,,,0.3824855846920238,,,,-0.22740408521065733,,,
595777,-0.434529105036123,,,,80.21040926713205,,,,0.4251255465297362,,,,-0.09038409728915271,,,
595879,-0.47999834673594893,,,,80.26358844606357,,,,0.42059093652298124,,,,-0.14457362502167684,,,
595909,-0.4563242787434776,,,,79.88753568076211,,,,0.36266495063023985,,,,-0.16541008745143815,,,
595978,-0.44993603817408057,,,,80.14678417805327,,,,0.3383828454327775,,,,-0.2267414415291455,,,
596019,-0.44617824960384705,,,,80.49529772569375,,,,0.41495924345007584,,,,-0.11799425068547954,,,
596103,-0.45699233004485246,,,,80.11544644761148,,,,0.369540004511449,,,,-0.20597860617510771,,,
596115,-0.4581196666159225,,,,79.66532268308399,,,,0.3631037838567,,,,-0.18043001089903996,,,
596117,-0.46492543924867885,,,,79.74794033606688,,,,0.34767148205951764,,,,-0.13779993405511132,,,
596129,-0.4084751042825038,,,,79.99674292321076,,,,0.4810767829034069,,,,-0.1192459109727797,,,
596142,-0.46763939766051416,,,,80.59310942979994,,,,0.4077916340845598,,,,-0.18249156901929903,,,
596146,-0.4471803265559093,,,,79.9862970130635,,,,0.4115948553805479,,,,-0.1464143019147653,,,
600869,-0.4478066246509482,,,,80.44116891856703,,,,0.384826028566478,,,,-0.17336181162958028,,,
602104,-0.4585371986792818,,,,80.11734570400189,,,,0.42351649136604896,,,,-0.1713002535093212,,,
605113,-0.48367262889351065,,,,79.77452992553263,,,,0.38416777872678776,,,,-0.16504195207282046,,,
605119,-0.45436187804568895,,,,67.41796784951632,,,,,,,,,,,
605131,-0.4477231182382764,,,,79.72609888757715,,,,0.4159831876451495,,,,-0.1525989762755425,,,
605137,-0.41828710777144695,,,,79.67671822142646,,,,0.4309766562158717,,,,-0.15245172212409544,,,
605141,-0.44926798687270575,,,,80.02428214087173,,,,0.5198403845740546,,,,-0.06711794136051463,,,
605170,-0.43323475563970926,,,,80.26263881786836,,,,0.4369009047730839,,,,-0.14567803115752992,,,
605204,-0.4550299293470638,,,,80.39463713700195,,,,0.3827781401763306,,,,-0.21275229714167324,,,
605244,-0.4594557692186722,,,,79.02812216410098,,,,0.37063708757759944,,,,-0.1498747744737716,,,
605346,-0.4843406801948855,,,,79.56656135078259,,,,0.3385291231749309,,,,-0.20310715022188972,,,
605361,-0.4627542725192106,,,,80.06416652507038,,,,0.38892180534677284,,,,-0.14214393152280008,,,
606115,-0.46801517651753755,,,,79.89893121910458,,,,0.4148861045789991,,,,-0.16194961489243187,,,
606192,-0.4925660618430634,,,,80.09740351190257,,,,0.35096273125796884,,,,-0.22225018991000967,,,
606466,-0.42050002770725114,,,,80.49054958471773,,,,0.4459701247865939,,,,-0.09759955071005945,,,
606992,-0.4668043335337956,,,,79.68811375976892,,,,0.35557048013580056,,,,-0.20281264191899556,,,
607043,-0.4405415667484967,,,,80.09550425551215,,,,0.3862888059880119,,,,-0.14479450624884746,,,
607054,-0.44488390020743324,,,,78.96829558780301,,,,0.39389524857998803,,,,-0.1866883123355407,,,
607208,-0.4920232701606963,,,,80.30632171484781,,,,0.41459354909469237,,,,-0.13529661348051103,,,
607680,-0.4942779433028364,,,,79.99009552584432,,,,0.3827781401763306,,,,-0.1135029990663437,,,
607732,-0.45164791963385365,,,,79.6501286319607,,,,0.4034033018199582,,,,-0.1876454643199467,,,
608070,-0.4456772111278159,,,,80.49529772569375,,,,0.43902193203430806,,,,-0.057031031986389896,,,
608324,-0.45123038757049433,,,,79.92362155217992,,,,0.5057245824562527,,,,-0.06181679190841989,,,
608336,-0.4210845725959541,,,,80.37184606031701,,,,0.30459268699534503,,,,-0.2695923996002447,,,
608348,-0.45060408947545544,,,,79.89893121910458,,,,0.45401540060503026,,,,-0.13190976799722826,,,
608369,-0.40137705920539596,,,,80.16767599834779,,,,0.4314154894423319,,,,-0.12705038099947474,,,
608385,-0.4278485920223745,,,,80.06321689687516,,,,0.40969324473255386,,,,-0.1098216452801668,,,
608596,-0.45373557995065006,,,,79.85809720671074,,,,0.36390831143854363,,,,-0.20811379137109032,,,
608671,-0.4469298073178937,,,,79.3680890579846,,,,0.4287093512124942,,,,-0.1531879928813308,,,
608701,-0.4584536922666099,,,,79.92267192398472,,,,0.39601627584121213,,,,-0.1839641105337698,,,
608841,-0.46375634947127287,,,,79.96540519276898,,,,0.4221999916866685,,,,-0.11129418679463757,,,
609280,-0.4679734233112016,,,,80.302523202067,,,,0.4715687296634367,,,,-0.05165625545857161,,,
613564,-0.45436187804568895,,,,80.01573548711488,,,,0.38204675146556366,,,,-0.15775287157619017,,,
620443,-0.4550299293470638,,,,79.89038456534773,,,,0.42256568604205197,,,,-0.14457362502167684,,,
621020,-0.46993582400899025,,,,79.98344812847789,,,,0.3846066119532479,,,,-0.20627311447800187,,,
621028,-0.44471688738208953,,,,79.5532665560497,,,,0.5000928893833473,,,,-0.08824891209317011,,,
621035,-0.4594557692186722,,,,79.55896432522094,,,,0.33033756961434124,,,,-0.237343740433335,,,
621043,-0.43941423017742665,,,,80.4202770982725,,,,0.465059370137611,,,,-0.1317625138457812,,,
621311,-0.45444538445836086,,,,79.93406746232719,,,,0.330630125098648,,,,-0.18499488959389931,,,
621438,-0.4640903751219603,,,,79.9350170905224,,,,0.41342332715746527,,,,-0.12727126222664537,,,
621439,-0.48454944622656515,,,,80.41647858549167,,,,0.3711490596751363,,,,-0.2011192191773542,,,
621458,-0.447931884269956,,,,80.58171389145747,,,,0.3780241135563455,,,,-0.1876454643199467,,,
621466,-0.4108967902499876,,,,80.15628046000532,,,,0.40303760746457473,,,,-0.18602566865402886,,,
621493,-0.4460529899848392,,,,80.09740351190257,,,,0.42834365685711073,,,,-0.16165510658953772,,,
621512,-0.48438243340122145,,,,80.29682543289576,,,,0.37290439258097696,,,,-0.22261832528862735,,,
621545,-0.4458859771594955,,,,79.6501286319607,,,,0.4224925471709753,,,,-0.15664846544033711,,,
621550,-0.45974804166302374,,,,80.6700293136116,,,,0.33779773446416395,,,,-0.1981005090726891,,,
621563,-0.45214895810988476,,,,78.88472830662491,,,,0.431634906055562,,,,-0.13132075139143995,,,
621566,-0.46776465727952193,,,,80.37849345768345,,,,0.33911423414354447,,,,-0.14943301201943035,,,
622110,-0.4343203390044434,,,,74.24104643206914,,,,0.4129844939310051,,,,-0.1554704322287605,,,
622268,-0.4408338391928482,,,,78.52102070786114,,,,0.3904577216393834,,,,-0.17152113473649183,,,
622534,-0.4721069907384585,,,,79.87708977061484,,,,0.44882254075858496,,,,-0.09222477418224118,,,
622569,-0.4618774551861561,,,,79.1164375862551,,,,0.4069139676316395,,,,-0.1267558726965806,,,
622761,-0.47507146838830944,,,,80.14013678068683,,,,0.3957237203569054,,,,-0.14707694559627713,,,
623168,-0.4519401920782051,,,,79.10409241971743,,,,0.3284359589663472,,,,-0.1373581716007701,,,
623520,-0.45110512795148655,,,,80.6709789418068,,,,0.3968939422941325,,,,-0.20214999823748372,,,
623912,-0.4694347855329591,,,,80.12019458858751,,,,0.4187624647460639,,,,-0.1676188997231443,,,
623993,-0.46388160909028064,,,,80.3376594452896,,,,0.3836558066292509,,,,-0.09597975504414161,,,
624413,-0.44146013728788713,,,,80.36614829114578,,,,0.4023793576248845,,,,-0.13838895066089962,,,
624415,-0.4222536623733601,,,,79.84005427100183,,,,0.35644814658872087,,,,-0.16217049611960246,,,
624424,-0.4317316402116158,,,,80.30062394567659,,,,0.4105709111854742,,,,-0.14685606436910653,,,
624428,-0.4640903751219603,,,,79.1829115599195,,,,0.39294444325599104,,,,-0.10856998499286666,,,
624431,-0.4248423611661877,,,,80.10500053746422,,,,0.496582223571666,,,,-0.11276672830910833,,,
624503,-0.4469298073178937,,,,79.70710632367303,,,,0.36500539450469405,,,,-0.18035638382331642,,,
624512,-0.43924721735208294,,,,79.77737881011825,,,,0.3987224140710498,,,,-0.15068467230673052,,,
624585,-0.4485999355713309,,,,80.33196167611837,,,,0.3843140564689412,,,,-0.1832278397765344,,,
624641,-0.49223203619237593,,,,80.10025239648819,,,,0.3536688694878065,,,,-0.1967015946339419,,,
628451,-0.45849544547294585,,,,79.90557861647102,,,,0.3784629467828057,,,,-0.18889712460724684,,,
630105,-0.4550299293470638,,,,79.82391059168333,,,,0.4096201058614772,,,,-0.09215114710651763,,,
640492,-0.474737442737622,,,,79.19240784187156,,,,0.3538882861010366,,,,-0.11961404635139739,,,
640902,-0.4640068687092884,,,,79.61974052971411,,,,0.41583690990299615,,,,-0.1838168563823227,,,
641313,-0.49139697206565736,,,,79.50578514628943,,,,0.3669801440237648,,,,-0.14133403368984115,,,
641343,-0.44204468217659015,,,,80.31771725319028,,,,0.30693313086979923,,,,-0.22055676716836828,,,
641355,-0.41828710777144695,,,,80.15533083181012,,,,0.4518212344727294,,,,-0.13073173478565164,,,
641432,-0.4312723549419206,,,,80.18097079308068,,,,0.5029453053553383,,,,-0.05290791574587175,,,
641487,-0.4328589767826859,,,,79.96065705179295,,,,0.40852302279532676,,,,-0.10606666441826634,,,
641511,-0.4429632527159805,,,,79.42506674969695,,,,0.4457507081733639,,,,-0.15613307591027234,,,
641584,-0.4396647494154422,,,,79.88753568076211,,,,0.3940415263221414,,,,-0.1398614921753704,,,
641598,-0.46246200007485905,,,,80.1857189340567,,,,0.3756836696818913,,,,-0.20104559210163064,,,
641645,-0.4387879320823877,,,,79.40797344218325,,,,0.4148861045789991,,,,-0.1001764983603833,,,
641658,-0.46571875016906145,,,,79.6510782601559,,,,0.4183967703906804,,,,-0.15230446797264835,,,
641680,-0.4544871376646968,,,,80.03947619199502,,,,0.42373590797927907,,,,-0.11622720086811462,,,
641779,-0.4480988970952997,,,,79.27312623846404,,,,0.3610558954665526,,,,-0.17468709899260396,,,
641856,-0.4389131917013955,,,,79.24653664899827,,,,0.3357498460740166,,,,-0.23380964079860517,,,
641857,-0.45127214077683026,,,,79.97490147472104,,,,0.34240548334199566,,,,-0.19530268019519467,,,
641933,-0.47365185937288784,,,,81.04893096349866,,,,0.3248521542835892,,,,-0.23461953863156407,,,
641943,-0.43010326516451464,,,,80.37564457309783,,,,0.4230045192685121,,,,-0.16283313980111433,,,
642020,-0.4700193304216621,,,,79.57985614551548,,,,0.3490611206099748,,,,-0.15370338241139558,,,
642086,-0.43603222046421647,,,,80.1534315754197,,,,0.4034033018199582,,,,-0.13691640914642886,,,
642133,-0.4379528679556691,,,,80.03947619199502,,,,0.45993964916224245,,,,-0.11372388029351432,,,
642136,-0.42993625233917093,,,,80.01003771794365,,,,0.3410889836626152,,,,-0.2450745833843065,,,
642180,-0.427556319578023,,,,79.07465394566606,,,,0.4731046459560473,,,,-0.11769974238258539,,,
642197,-0.45711758966386024,,,,79.84575204017307,,,,0.369320587898219,,,,-0.17711679249148074,,,
642201,-0.45110512795148655,,,,80.05372061492311,,,,0.3925056100295309,,,,-0.1293328203469044,,,
642215,-0.4452596790644566,,,,80.44496743134785,,,,0.39257874890060757,,,,-0.214224838656144,,,
642350,-0.48826548159046274,,,,80.00433994877241,,,,0.3019596876365841,,,,-0.28078371511022254,,,
642708,-0.4650089456613507,,,,79.68146636240247,,,,0.42519868540081296,,,,-0.1182887589883737,,,
642715,-0.46388160909028064,,,,80.39368750880674,,,,0.35710639642841113,,,,-0.17976736721752812,,,
642731,-0.4587877179172974,,,,80.0860079735601,,,,0.46527878675084106,,,,-0.11711072577679708,,,
642851,-0.46141816991646084,,,,79.10599167610783,,,,0.4025256353670379,,,,-0.15517592392586635,,,
643217,-0.41356899545548703,,,,80.09360499912175,,,,0.44377595865429315,,,,-0.10709744347839589,,,
643265,-0.4573681089018758,,,,80.09075611453613,,,,0.3878247222806225,,,,-0.1828597043979167,,,
643289,-0.47348484654754414,,,,79.8172631943169,,,,0.43902193203430806,,,,-0.07102017637386217,,,
643376,-0.4658857629944052,,,,80.19331595961835,,,,0.42585693524050316,,,,-0.12005580880573861,,,
643393,-0.4521907113162207,,,,79.08604948400851,,,,0.3988686918132032,,,,-0.14840223295930083,,,
643396,-0.43423683259177154,,,,79.77073141275181,,,,0.5317620205595557,,,,-0.047974901672394696,,,
643446,-0.44384007004903503,,,,79.85524832212512,,,,0.41591004877407284,,,,-0.09193026587934702,,,
643565,-0.46392336229661657,,,,79.8343565018306,,,,0.36910117128498887,,,,-0.12653499146940997,,,
644433,-0.4518566856655333,,,,79.80396839958401,,,,0.4074990786002531,,,,-0.18131353580772241,,,
645277,-0.45770213455256326,,,,80.01573548711488,,,,0.39491919277506177,,,,-0.08942694530474672,,,
645302,-0.4639651155029525,,,,79.96635482096418,,,,0.4198595478122143,,,,-0.11733160700396769,,,
645305,-0.45022831061843205,,,,79.3500461222757,,,,0.42176115846020834,,,,-0.15495504269869573,,,
645444,-0.45093811512614285,,,,79.76408401538538,,,,0.403695857304265,,,,-0.12410529797053321,,,
645801,-0.43444559862345117,,,,80.45731259788552,,,,0.41671457635591647,,,,-0.17976736721752812,,,
646240,-0.4404998135421608,,,,80.34430684265604,,,,0.3628843672434699,,,,-0.18006187552042227,,,
647304,-0.3980368026985217,,,,80.3186668813855,,,,0.441654931393069,,,,-0.12226462107744476,,,
647351,-0.44563545792147996,,,,79.94356374427925,,,,0.4544542338314904,,,,-0.08191698358094582,,,
649557,-0.4617521955671483,,,,79.52477771019355,,,,0.4000389137504303,,,,-0.09671602580137699,,,
649966,-0.4640068687092884,,,,79.86379497588197,,,,0.3443802328610664,,,,-0.1185096402155443,,,
650333,-0.44546844509613626,,,,79.63018643986138,,,,0.5588234028579323,,,,0.02719834264133783,,,
650391,-0.4494767529043854,,,,80.54182950725883,,,,0.463377176102847,,,,-0.12462068750059799,,,
650402,-0.46918426629494353,,,,79.92457118037514,,,,0.4060363011787192,,,,-0.1450890145517416,,,
650489,-0.4529005158239315,,,,79.8172631943169,,,,0.3622992562748564,,,,-0.16776615387459137,,,
650490,-0.4431302655413243,,,,80.02713102545735,,,,0.49255958566244784,,,,-0.06387835002867895,,,
650559,-0.5004156646342179,,,,80.27308472801562,,,,0.36858919918745203,,,,-0.19603895095243007,,,
650859,-0.4307713164658895,,,,79.70805595186825,,,,0.43207373928202214,,,,-0.11379750736923785,,,
650907,-0.4455519515088081,,,,80.22655294645054,,,,0.3531568973902697,,,,-0.2448537021571359,,,
655316,-0.4681404361365453,,,,79.8172631943169,,,,0.36120217320870596,,,,-0.17733767371865133,,,
656180,-0.4753637408326609,,,,80.302523202067,,,,0.3672726995080715,,,,-0.1774113007943749,,,
656248,-0.46079187182142195,,,,79.70330781089221,,,,0.3770001693612718,,,,-0.20583135202366062,,,
656305,-0.48279581156045615,,,,80.5038443794506,,,,0.387459027925239,,,,-0.14796047050495958,,,
656413,-0.4484329227459872,,,,80.26833658703958,,,,0.39089655486584357,,,,-0.24691526027739497,,,
656448,-0.45235772414156444,,,,80.02523176906693,,,,0.3957968592279821,,,,-0.1119568304761494,,,
656484,-0.45319278826828296,,,,80.12209384497791,,,,0.30934671361533017,,,,-0.23454591155584054,,,
656537,-0.4589547307426411,,,,79.51243254365586,,,,0.373123809194207,,,,-0.23425140325294638,,,
656541,-0.4359487140515446,,,,80.1344390115156,,,,0.3413084002758453,,,,-0.2821090024732462,,,
656555,-0.47381887219823154,,,,80.49054958471773,,,,0.3575452296548713,,,,-0.16062432752940817,,,
656577,-0.48350561606816694,,,,80.40033490617319,,,,0.3143201568485453,,,,-0.2529526804867251,,,
656582,-0.46300479175722614,,,,80.07176355063201,,,,0.4129844939310051,,,,-0.16224412319532602,,,
656716,-0.4321491722749751,,,,80.32436465055673,,,,0.42710029604880695,,,,-0.11931953804850323,,,
656775,-0.43987351544712183,,,,79.98059924389227,,,,0.4002583303636604,,,,-0.09546436551407685,,,
656811,-0.4264289830069529,,,,80.02903028184775,,,,0.46220695416561997,,,,-0.07919278177917491,,,
656883,-0.4478066246509482,,,,80.73840254366641,,,,0.3883366943781593,,,,-0.20465331881208404,,,
656896,-0.45227421772889254,,,,79.59884870941958,,,,0.40654827327625603,,,,-0.16614635820867354,,,
656941,-0.39841258155554504,,,,80.61210199370404,,,,0.3810228072704899,,,,-0.22394361265165103,,,
656976,-0.4092684152028864,,,,80.07271317882721,,,,0.4744211456354278,,,,-0.15385063656284265,,,
657041,-0.4408755923991841,,,,80.01573548711488,,,,0.4204446587808278,,,,-0.14339559181010023,,,
657061,-0.43887143849505955,,,,79.99009552584432,,,,0.3860693893747818,,,,-0.17431896361398627,,,
657077,-0.42292171367473497,,,,79.81631356612169,,,,0.5004585837387308,,,,-0.06844322872353832,,,
657088,-0.4532345414746189,,,,79.79352248943675,,,,0.4031107463356514,,,,-0.18793997262284085,,,
657136,-0.4765328306100669,,,,80.19331595961835,,,,0.38475288969540133,,,,-0.1713002535093212,,,
657193,-0.4516061664275177,,,,78.95879930585096,,,,0.39608941471228887,,,,-0.1776321820215455,,,
657557,-0.4949459946042113,,,,80.44021929037181,,,,0.3119065741030144,,,,-0.2348404198587347,,,
657656,-0.4866788597496975,,,,80.17337376751902,,,,0.3499387870628951,,,,-0.190148784894547,,,
657757,-0.4476396118256045,,,,79.8856364243717,,,,0.4004046081058138,,,,-0.12763939760526305,,,
658668,-0.47715912870510585,,,,79.37663571174146,,,,0.407279661987023,,,,-0.1379471882065584,,,
660162,-0.44429935531873027,,,,79.81346468153608,,,,0.39206677680307067,,,,-0.1185096402155443,,,
660271,-0.42981099272016315,,,,80.72415812073832,,,,0.39850299745781975,,,,-0.2042115563577428,,,
660636,-0.4463870156355267,,,,79.86854311685799,,,,,,,,,,,
660644,-0.45991505448836745,,,,79.4659007620908,,,,0.39140852696338047,,,,-0.15186270551830713,,,
660670,-0.44095909881185597,,,,80.24554551035466,,,,0.37385519790497396,,,,-0.16283313980111433,,,
660688,-0.4204582745009152,,,,79.89988084729978,,,,0.5027258887421082,,,,-0.036194569556628586,,,
660707,-0.4742781574679268,,,,79.91222601383745,,,,0.39001888841292326,,,,-0.17041672860063875,,,
660758,-0.4585371986792818,,,,80.51903843057389,,,,0.3998926360082769,,,,-0.12329540013757428,,,
660766,-0.48262879873511244,,,,79.68621450337851,,,,0.4211029086205181,,,,-0.12388441674336259,,,
660821,-0.44129312446254343,,,,80.34335721446084,,,,0.37743900258773194,,,,-0.18816085385001147,,,
660844,-0.43027027798985834,,,,79.21994705953252,,,,0.40625571779194924,,,,-0.17446621776543336,,,
661388,-0.4376188423049817,,,,80.23794848479301,,,,0.41378902151284874,,,,-0.18587841450258177,,,
661531,-0.4607083654087501,,,,80.01193697433406,,,,0.3878247222806225,,,,-0.1491385037165362,,,
662139,-0.43561468840085715,,,,80.09740351190257,,,,0.36442028353608047,,,,-0.1464143019147653,,,
663330,-0.4408338391928482,,,,80.7061151850294,,,,0.4213223252337482,,,,-0.20023569426867172,,,
663368,-0.4520654516972129,,,,80.06606578146078,,,,0.4295138787943379,,,,-0.1645265625427557,,,
663457,-0.39912238606325584,,,,79.55991395341616,,,,0.4870010314606191,,,,-0.1148282864293674,,,
663527,-0.4747791959439579,,,,79.98344812847789,,,,0.39799102536028286,,,,-0.14324833765865314,,,
663538,-0.47302556127784895,,,,79.63018643986138,,,,0.5063096934248662,,,,-0.03148243671032214,,,
663550,-0.41670048593068165,,,,81.3072298325946,,,,0.35476595255395693,,,,-0.23690197797899376,,,
663586,-0.4682239425492172,,,,80.48105330276566,,,,0.39148166583445715,,,,-0.17137388058504474,,,
663604,-0.45665830439416505,,,,79.81251505334086,,,,0.39023830502615336,,,,-0.14965389324660097,,,
663609,-0.46818218934288125,,,,80.51903843057389,,,,0.391993637931994,,,,-0.19684884878538897,,,
663611,-0.47043686248502137,,,,79.78212695109428,,,,0.4368277659020072,,,,-0.02603403310678029,,,
663616,-0.40567763945799656,,,,79.86949274505321,,,,0.43412162767216955,,,,-0.1620232419681554,,,
663624,-0.4780776992444962,,,,80.01668511531008,,,,0.38175419598125687,,,,-0.1533352470327779,,,
663630,-0.4484329227459872,,,,79.836255758221,,,,0.38826355550708264,,,,-0.15289348457843666,,,
663647,-0.4394977365900985,,,,80.12019458858751,,,,0.48436803210185814,,,,-0.06152228360552574,,,
663656,-0.3916485621291247,,,,80.32436465055673,,,,0.44640895801305414,,,,-0.0978940590129536,,,
663662,-0.4577438877588992,,,,80.09170574273134,,,,0.3986492751999731,,,,-0.19353563037782975,,,
663697,-0.4460529899848392,,,,79.87424088602923,,,,0.44787173543458797,,,,-0.12204373985027414,,,
663698,-0.4467210412862141,,,,79.98059924389227,,,,0.4069871065027162,,,,-0.14744508097489484,,,
663728,-0.457242849282868,,,,80.68237448014926,,,,0.3258760984786629,,,,-0.19338837622638266,,,
663743,-0.44738909258758897,,,,79.86284534768677,,,,0.5158177466648364,,,,-0.07035753269235032,,,
663757,-0.42530164643588286,,,,80.40223416256359,,,,0.438071126710311,,,,-0.1673980184959737,,,
663837,-0.47072913492937285,,,,79.77547955372785,,,,0.44026529284261184,,,,-0.12763939760526305,,,
663853,-0.4839231481315262,,,,79.72135074660112,,,,0.3669801440237648,,,,-0.19839501737558327,,,
663886,-0.42584443811824996,,,,80.12304347317313,,,,0.4480180131767414,,,,-0.13824169650945256,,,
663897,-0.44459162776308175,,,,79.89798159090938,,,,0.4102052168300907,,,,-0.16165510658953772,,,
663898,-0.4651342052803585,,,,79.9207726675943,,,,0.4092544115060937,,,,-0.15709022789467833,,,
663905,-0.4443411085250662,,,,80.57981463506705,,,,0.38943377744430974,,,,-0.13301417413308134,,,
663967,-0.4498525317614087,,,,79.49343997975176,,,,0.40881557827963355,,,,-0.1491385037165362,,,
663993,-0.4445498745567458,,,,80.02713102545735,,,,0.40384213504641836,,,,-0.1192459109727797,,,
664023,-0.4340280665600919,,,,80.09740351190257,,,,0.366687588539458,,,,-0.1826388231707461,,,
664034,-0.4642991411536399,,,,80.30822097123823,,,,0.39725963664951597,,,,-0.13691640914642886,,,
664040,-0.44271273347796497,,,,79.94546300066966,,,,0.3484760096413613,,,,-0.20524233541787232,,,
664056,-0.4622114808368435,,,,79.93121857774157,,,,0.44004587622938174,,,,-0.13014271817986334,,,
664058,-0.45031181703110396,,,,80.04137544838544,,,,0.4208103531362113,,,,2.995169935221531e-05,,,
664059,-0.44630350922285483,,,,79.27407586665925,,,,0.4054511902101056,,,,-0.17623326758279828,,,
664238,-0.44889220801568236,,,,79.99769255140598,,,,0.3689548935428355,,,,-0.17372994700819797,,,
664314,-0.4516061664275177,,,,79.70615669547783,,,,0.3140276013642385,,,,-0.25766481333303154,,,
664702,-0.45164791963385365,,,,78.75272998749132,,,,,,,,,,,
664728,-0.4248841143725236,,,,79.82865873265936,,,,0.4510898457619625,,,,-0.07286085326695062,,,
664761,-0.4303537844025302,,,,79.93976523149843,,,,0.5000197505122705,,,,-0.0695476348593914,,,
664770,-0.4721069907384585,,,,79.92552080857034,,,,0.4221268528155918,,,,-0.058356319349413585,,,
664774,-0.4084751042825038,,,,80.01193697433406,,,,0.41466668796576905,,,,-0.14464725209740037,,,
664874,-0.4665120610894441,,,,80.58266351965267,,,,0.3516941199687358,,,,-0.2244590021817158,,,
664901,-0.4576186281398914,,,,79.72135074660112,,,,0.4066214121473327,,,,-0.17962011306608103,,,
664913,-0.4539443459823297,,,,80.17242413932382,,,,0.36390831143854363,,,,-0.18970702244020576,,,
664954,-0.44797363747629193,,,,79.42886526247777,,,,0.39916124729750996,,,,-0.1387570860395173,,,
664983,-0.441543643700559,,,,79.6178412733237,,,,0.4579648996431717,,,,-0.08824891209317011,,,
665019,-0.45031181703110396,,,,80.40128453436839,,,,0.3999657748793536,,,,-0.13978786509964686,,,
665052,-0.4506875958881273,,,,80.21610703630328,,,,0.3554973412647239,,,,-0.14589891238470054,,,
665120,-0.43908020452673924,,,,79.7840262074847,,,,0.3378708733352407,,,,-0.2596527443775671,,,
665155,-0.4518566856655333,,,,79.94261411608404,,,,0.38446033421109455,,,,-0.15664846544033711,,,
665161,-0.47189822470677883,,,,79.99294441042994,,,,0.44677465236843755,,,,-0.12116021494159168,,,
665487,-0.429309954244132,,,,80.32246539416631,,,,0.4369740436441606,,,,-0.18079814627765764,,,
665489,-0.45490466972805604,,,,80.5541746737965,,,,0.47237325724528034,,,,-0.11217771170332003,,,
665506,-0.4648001796296711,,,,80.20945963893683,,,,0.3343602075235594,,,,-0.21797981951804443,,,
665561,-0.445009159826441,,,,79.22564482870375,,,,0.46352345384500043,,,,-0.07749935903753352,,,
665742,-0.38651291774980545,,,,80.6700293136116,,,,0.47091047982374645,,,,-0.1495066390951539,,,
665750,-0.42496762078519545,,,,79.7859254638751,,,,0.42622262959588664,,,,-0.14597253946042407,,,
665782,-0.4583701858539381,,,,80.15533083181012,,,,0.39586999809905876,,,,-0.13441308857182857,,,
665804,-0.46918426629494353,,,,79.94546300066966,,,,0.42936760105218447,,,,-0.1338976990417638,,,
665828,-0.43494663709948234,,,,79.47824592862847,,,,0.4368277659020072,,,,-0.09281379078802948,,,
665833,-0.4332765088460452,,,,80.6386915831698,,,,0.3839483621135577,,,,-0.2231337148186921,,,
665839,-0.4400405282724656,,,,80.42502523924853,,,,0.41210682747808475,,,,-0.1248415687277686,,,
665856,-0.4515644132211818,,,,79.34719723769008,,,,0.3883366943781593,,,,-0.15782649865191373,,,
665862,-0.42993625233917093,,,,80.22180480547452,,,,0.39879555294212654,,,,-0.16990133907057398,,,
665877,-0.45507168255339975,,,,80.05277098672791,,,,0.4614024265837763,,,,-0.056294761229154514,,,
665923,-0.46788991689852977,,,,80.0860079735601,,,,0.35769150739702466,,,,-0.17292004917523907,,,
665926,-0.46868322781891236,,,,79.62069015790932,,,,0.39704022003628586,,,,-0.13529661348051103,,,
665953,-0.46684608674013156,,,,80.48200293096087,,,,0.38438719534001786,,,,-0.15340887410850143,,,
665966,-0.4563242787434776,,,,80.64818786512187,,,,0.36098275659547585,,,,-0.18580478742685824,,,
666018,-0.442128188589262,,,,80.1857189340567,,,,0.416348882000533,,,,-0.10783371423563126,,,
666023,-0.4790380229902226,,,,79.87044237324841,,,,0.41452041022361563,,,,-0.11431289689930263,,,
666134,-0.4369507910036069,,,,79.9862970130635,,,,0.36617561644192115,,,,-0.16180236074098478,,,
666135,-0.4419194225575823,,,,79.99864217960118,,,,0.3840215009846344,,,,-0.18506851666962285,,,
666139,-0.48559327638496336,,,,80.19046707503273,,,,0.31388132362208515,,,,-0.19117956395467653,,,
666149,-0.4741111446425831,,,,79.98439775667309,,,,0.37268497596774686,,,,-0.2069357581595137,,,
666150,-0.43686728459093505,,,,79.58935242746753,,,,0.43053782298941157,,,,-0.08184335650522227,,,
666152,-0.4193309379298451,,,,79.73749442591962,,,,0.43558440509370344,,,,-0.15407151779001327,,,
666158,-0.4240072970394691,,,,79.59979833761479,,,,0.42176115846020834,,,,-0.12741851637809243,,,
666160,-0.47127192661173994,,,,80.15628046000532,,,,0.3611290343376293,,,,-0.17807394447588673,,,
666163,-0.42960222668848347,,,,79.82865873265936,,,,0.3834363900160208,,,,-0.1851421437453464,,,
666165,-0.4437565636363632,,,,79.22374557231335,,,,0.4028181908513447,,,,-0.16239137734677309,,,
666176,-0.47319257410319265,,,,80.59026054521432,,,,0.34518476044291,,,,-0.18808722677428794,,,
666181,-0.4536520735379782,,,,80.13253975512518,,,,0.2805299984111128,,,,-0.2837287981391641,,,
666182,-0.47402763822991123,,,,79.93596671871761,,,,0.4140815769971555,,,,-0.08927969115329965,,,
666185,-0.46885024064425607,,,,80.07366280702243,,,,0.34481906608752655,,,,-0.2013401004045248,,,
666197,-0.4581196666159225,,,,79.99484366682036,,,,0.35564361900687724,,,,-0.21724354876080906,,,
666211,-0.4559067466801183,,,,78.40611569624124,,,,0.3622992562748564,,,,-0.17004859322202107,,,
666310,-0.45123038757049433,,,,80.18381967766629,,,,0.3481834541570545,,,,-0.17476072606832752,,,
666397,-0.4146963320265571,,,,79.93691634691281,,,,0.3639814503096203,,,,-0.21643365092785014,,,
666464,-0.4699775772153262,,,,80.7061151850294,,,,0.3906771382526135,,,,-0.16960683076767982,,,
666624,-0.43807812757467696,,,,80.49434809749854,,,,0.3802182796886463,,,,-0.20494782711497816,,,
666703,-0.4480988970952997,,,,79.55706506883054,,,,0.37071022644867613,,,,-0.2462526165958831,,,
666915,-0.4790380229902226,,,,80.38324159865948,,,,0.27358180565882695,,,,-0.2916805223173062,,,
666969,-0.4806663980373238,,,,80.46965776442319,,,,0.34971937044966506,,,,-0.22188205453139198,,,
666971,-0.48555152317862743,,,,79.93881560330323,,,,0.43061096186048825,,,,-0.1132821178391731,,,
667428,-0.46763939766051416,,,,79.1335308937688,,,,0.1673841648554677,,,,-0.18308058562508733,,,
667452,-0.4617104423608124,,,,80.01573548711488,,,,0.38804413889385253,,,,-0.17093211813070353,,,
667472,-0.4430467591286524,,,,80.08410871716968,,,,0.3840215009846344,,,,-0.18757183724422316,,,
667670,-0.4553222017914153,,,,80.50669326403622,,,,0.36178728417731953,,,,-0.19721698416400668,,,
668227,-0.46972705797731057,,,,80.27593361260124,,,,0.3768538916191184,,,,-0.17255191379662135,,,
668670,-0.45766038134622733,,,,80.37849345768345,,,,0.39484605390398503,,,,-0.24065695884089422,,,
668709,-0.4148633448519008,,,,79.89513270632376,,,,0.43858309880784785,,,,-0.1427329481285884,,,
668715,-0.4613764167101249,,,,80.11829533219709,,,,0.4140815769971555,,,,-0.13051085355848102,,,
668723,-0.4618774551861561,,,,80.39558676519715,,,,0.3827781401763306,,,,-0.1437637271887179,,,
668731,-0.4511886343641584,,,,80.66053303165954,,,,0.3688086158006821,,,,-0.21039623071852,,,
668752,-0.4498107785550728,,,,77.98732966215555,,,,,,,,-0.16231775027104955,,,
668800,-0.46759764445417823,,,,79.87519051422444,,,,0.40201366326950105,,,,-0.13743179867649363,,,
668804,-0.4245918419281721,,,,80.0860079735601,,,,0.40501235698364546,,,,-0.17579150512845704,,,
668832,-0.43185689983062364,,,,80.0869576017553,,,,0.33626181817155343,,,,-0.31185434106555565,,,
668843,-0.45477941010904827,,,,79.8343565018306,,,,0.4021599410116544,,,,-0.17505523437122167,,,
668845,-0.4766998434354106,,,,79.31396025085787,,,,0.34525789931398676,,,,-0.16673537481446185,,,
668853,-0.43544767557551345,,,,79.05281249717632,,,,0.38336325114494413,,,,-0.1926521054691473,,,
668885,-0.4354059223691775,,,,79.2503351617791,,,,0.47610333967019175,,,,-0.14840223295930083,,,
668901,-0.4681404361365453,,,,80.45731259788552,,,,0.36507853337577073,,,,-0.22990740578525765,,,
668904,-0.4685579681999046,,,,80.08885685814572,,,,0.3838020843714043,,,,-0.17991462136897518,,,
668930,-0.45373557995065006,,,,79.30256471251542,,,,0.43902193203430806,,,,-0.05725191321356052,,,
668939,-0.45373557995065006,,,,80.27308472801562,,,,0.4506510125355023,,,,-0.07867739224911013,,,
668942,-0.43306774281436555,,,,80.0860079735601,,,,0.40676768988948614,,,,-0.15377700948711912,,,
668952,-0.4524829837605722,,,,80.21040926713205,,,,0.37188044838590323,,,,-0.20649399570517246,,,
669003,-0.4148633448519008,,,,79.64727974737508,,,,0.3690280324139122,,,,-0.2126786700659497,,,
669004,-0.45962278204401597,,,,80.41362970090606,,,,0.3534494528745764,,,,-0.18801359969856438,,,
669016,-0.4236732713887817,,,,80.0005414359916,,,,0.3783166690406523,,,,-0.1597408026207257,,,
669065,-0.44062507316116856,,,,79.7849758356799,,,,0.31717257282053635,,,,-0.21982049641113288,,,
669087,-0.4546541504900405,,,,78.04430735386788,,,,0.3249984320257426,,,,-0.1579737528033608,,,
669127,-0.4627542725192106,,,,80.28163138177247,,,,0.39038458276830673,,,,-0.15907815893921387,,,
669134,-0.43031203119619427,,,,79.82865873265936,,,,0.477712394833879,,,,-0.09509623013545915,,,
669137,-0.45507168255339975,,,,79.34624760949488,,,,0.43229315589525225,,,,-0.1329405470573578,,,
669200,-0.4594557692186722,,,,78.75083073110092,,,,0.3619335619194729,,,,-0.16997496614629753,,,
669208,-0.45949752242500813,,,,79.73274628494359,,,,0.3755373919397379,,,,-0.22593154369618657,,,
669221,-0.48534275714694775,,,,80.17717228029984,,,,0.38116908501264335,,,,-0.20318077729761325,,,
669222,-0.44784837785728415,,,,79.76123513079976,,,,0.4047198014993387,,,,-0.14126040661411762,,,
669224,-0.43164813379894396,,,,80.00433994877241,,,,0.37290439258097696,,,,-0.1832278397765344,,,
669234,-0.47010283683433396,,,,79.90462898827582,,,,0.3236087934752854,,,,-0.2637758606180852,,,
669242,-0.42567742529290625,,,,79.70805595186825,,,,0.46118300997054623,,,,-0.12469431457632152,,,
669257,-0.48605256165465854,,,,80.2873291509437,,,,0.40998580021686065,,,,-0.11998218173001507,,,
669261,-0.440374553923153,,,,79.95495928262172,,,,0.37290439258097696,,,,-0.1745398448411569,,,
669289,-0.4696435515646387,,,,79.65297751654631,,,,0.45584387238194757,,,,-0.07845651102193953,,,
669304,-0.45507168255339975,,,,80.29682543289576,,,,0.46118300997054623,,,,-0.12410529797053321,,,
669326,-0.4586624582982896,,,,78.85434020437833,,,,0.369540004511449,,,,-0.1953763072709182,,,
669352,-0.4624202468685231,,,,78.60363836084403,,,,0.3223654326669816,,,,-0.24058333176517066,,,
669357,-0.4452179258581207,,,,80.48959995652251,,,,0.3108826299079407,,,,-0.2691506371459035,,,
669364,-0.44475864058842546,,,,79.28926991778253,,,,0.42614949072480995,,,,-0.09274016371230594,,,
669369,-0.4408338391928482,,,,79.12688349640236,,,,0.4197864089411376,,,,-0.10753920593273711,,,
669374,-0.461334663503789,,,,79.75078922065249,,,,0.3869470558277021,,,,-0.19935216935998928,,,
669392,-0.45507168255339975,,,,81.01474434847125,,,,0.3992343861685867,,,,-0.1826388231707461,,,
669394,-0.4563660319498135,,,,80.74125142825201,,,,0.3954311648725986,,,,-0.2019291170103131,,,
669397,-0.4489757144283542,,,,79.55706506883054,,,,0.45635584447948446,,,,-0.10429961460090142,,,
669450,-0.45423661842668117,,,,79.52952585116957,,,,0.40537805133902893,,,,-0.18801359969856438,,,
669477,-0.47277504203983334,,,,79.99104515403953,,,,0.4486031241453549,,,,-0.14965389324660097,,,
669699,-0.44826590992064347,,,,80.08885685814572,,,,0.4581111773853251,,,,-0.14869674126219498,,,
669701,-0.44546844509613626,,,,80.03092953823817,,,,0.41415471586823216,,,,-0.11571181133804986,,,
669707,-0.46271251931287466,,,,79.8523994375395,,,,0.37795097468526884,,,,-0.17350906578102737,,,
669720,-0.45548921461675906,,,,80.49624735388896,,,,0.4206640753940579,,,,-0.18462675421528163,,,
669743,-0.4676811508668501,,,,79.53617324853602,,,,0.4160563265162262,,,,-0.11725797992824416,,,
669911,-0.43473787106780265,,,,80.44876594412867,,,,0.34152781688907535,,,,-0.2500812245335071,,,
670032,-0.42864190294275717,,,,79.53902213312163,,,,0.4606710378730094,,,,-0.08839616624461719,,,
670042,-0.4317316402116158,,,,80.34335721446084,,,,0.3469400933487507,,,,-0.2522900368052132,,,
670092,-0.4436313040173554,,,,79.77073141275181,,,,0.4130576328020818,,,,-0.1527462304269896,,,
670097,-0.4567418108068369,,,,79.84860092475868,,,,0.3593737014317886,,,,-0.15311436580560728,,,
670156,-0.4313558613545925,,,,80.04707321755667,,,,0.5022870555156481,,,,-0.13595925716202287,,,
670223,-0.4494767529043854,,,,80.76689138952257,,,,0.3780972524274222,,,,-0.19721698416400668,,,
670224,-0.4559902530927902,,,,79.17721379074827,,,,0.28894096858493257,,,,-0.1953763072709182,,,
670242,-0.4265959958322967,,,,80.91028524699863,,,,0.3113946020054776,,,,-0.26134616711920844,,,
670276,-0.4358652076388727,,,,79.79922025860799,,,,0.4486762630164316,,,,-0.1073183247055665,,,
670541,-0.3990806328569199,,,,80.26358844606357,,,,0.4747868399908113,,,,-0.08736538718448765,,,
670623,-0.51669941510523,,,,80.28448026635809,,,,0.3808033906572599,,,,-0.07919278177917491,,,
670764,-0.4241743098648128,,,,79.7004589263066,,,,0.36975942112467913,,,,-0.16894418708616799,,,
670770,-0.41891340586648584,,,,79.7840262074847,,,,0.47705414499418874,,,,-0.08353677924686366,,,
670869,-0.4486416887776668,,,,79.84480241197785,,,,0.3908234159947669,,,,-0.06351021465006126,,,
671056,-0.43786936154299727,,,,79.91792378300869,,,,0.43229315589525225,,,,-0.15524955100158988,,,
671083,-0.46659556750211595,,,,79.68811375976892,,,,0.37356264242066717,,,,-0.13419220734465795,,,
671117,-0.4527335029985878,,,,77.58373767919313,,,,0.4286362123414175,,,,-0.15252534919981897,,,
671213,-0.42029126167557146,,,,80.38988899602592,,,,0.35527792465149377,,,,-0.22710957690776318,,,
671218,-0.4734013401348723,,,,80.2208551772793,,,,0.383875223242481,,,,-0.20244450654037788,,,
671221,-0.4608753782340938,,,,80.07461243521763,,,,0.33355567994171575,,,,-0.1988367798299245,,,
671277,-0.4305207972278739,,,,80.23320034381697,,,,0.474128590151121,,,,-0.11026340773450803,,,
671286,-0.45077110230079914,,,,80.69471964668695,,,,0.31417387910639194,,,,-0.19117956395467653,,,
671289,-0.4507293490944632,,,,79.96350593637857,,,,0.47968714435294973,,,,-0.04355727712898241,,,
671732,-0.442128188589262,,,,79.93881560330323,,,,0.4039884127885718,,,,-0.1629803939525614,,,
671739,-0.4551134357597357,,,,80.37469494490263,,,,0.42614949072480995,,,,-0.1427329481285884,,,
672012,-0.440374553923153,,,,80.32911279153275,,,,0.3658099220865377,,,,-0.14243843982569424,,,
672275,-0.42116807900862596,,,,79.82770910446416,,,,0.4028181908513447,,,,-0.15716385497040186,,,
672279,-0.4496437657297291,,,,78.98728815170713,,,,0.37882864113818915,,,,-0.19184220763618837,,,
672284,-0.4418776693512464,,,,80.3196165095807,,,,0.3664681719262279,,,,-0.2237227314244804,,,
672356,-0.47469568953128605,,,,79.99389403862514,,,,0.3348721796210962,,,,-0.23535580938879946,,,
672386,-0.45319278826828296,,,,79.92931932135116,,,,0.47003281337082614,,,,-0.0660871623003851,,,
672515,-0.47402763822991123,,,,79.81916245070731,,,,0.44845684640320155,,,,-0.11541730303515571,,,
672569,-0.46747238483517045,,,,79.58935242746753,,,,0.40764535634240645,,,,-0.1294800744983515,,,
672580,-0.44926798687270575,,,,79.87708977061484,,,,0.5207180510269749,,,,-0.08950057238047025,,,
672640,-0.4708126413420447,,,,79.69476115713536,,,,0.4589888438382454,,,,-0.10466774997951912,,,
672642,-0.42701352789565594,,,,80.02903028184775,,,,0.3909696937369203,,,,-0.16489469792137337,,,
672695,-0.44016578789147337,,,,79.78117732289908,,,,0.4856113929101619,,,,-0.05158262838284808,,,
672701,-0.44784837785728415,,,,77.92275494488156,,,,,,,,,,,
672724,-0.450270063824768,,,,78.16870864743983,,,,0.39762533100489944,,,,-0.1645265625427557,,,
672744,-0.4483076631269794,,,,80.58551240423829,,,,0.3758299474240447,,,,-0.2090709433554963,,,
672761,-0.4480988970952997,,,,80.03187916643337,,,,0.4047198014993387,,,,-0.11718435285252063,,,
672820,-0.4842989269885496,,,,79.77832843831347,,,,0.42388218572143244,,,,-0.08118071282371044,,,
673237,-0.4779106864191525,,,,79.87519051422444,,,,0.4337559333167861,,,,-0.10930625575010203,,,
673357,-0.4810004236880112,,,,80.20851001074163,,,,0.34057701156507836,,,,-0.23506130108590528,,,
673490,-0.45135564718950216,,,,79.88753568076211,,,,0.47120303530805324,,,,-0.10996889943161388,,,
673548,-0.45649129156882134,,,,80.02523176906693,,,,0.39967321939504685,,,,-0.163201275179732,,,
673962,-0.4548211633153842,,,,80.00433994877241,,,,0.41554435441868937,,,,-0.16621998528439708,,,
673995,-0.452023698490877,,,,80.02713102545735,,,,0.41459354909469237,,,,-0.16393754593696738,,,
674441,-0.450854608713471,,,,78.99868369004959,,,,0.37502541984220106,,,,-0.13264603875446365,,,
675659,-0.4538190863633219,,,,77.04719774890192,,,,0.31717257282053635,,,,-0.17711679249148074,,,
675961,-0.461334663503789,,,,79.1173872144503,,,,0.4303184063761815,,,,-0.1383153235851761,,,
676059,-0.4551134357597357,,,,80.0014910641868,,,,0.4347798775118598,,,,-0.16032981922651401,,,
676070,-0.4546541504900405,,,,79.72799814396755,,,,0.4028181908513447,,,,-0.17431896361398627,,,
676113,-0.4558232402674465,,,,79.36144166061817,,,,0.3605439233690157,,,,-0.17490798021977458,,,
676116,-0.4402492943041452,,,,80.08980648634092,,,,0.32880165332173067,,,,-0.21437209280759106,,,
676356,-0.4883489880031346,,,,79.88278753978608,,,,0.38592311163262843,,,,-0.1138711344449614,,,
676369,-0.45093811512614285,,,,80.43357189300538,,,,0.38767844453846906,,,,-0.2479460393375245,,,
676391,-0.4763658177847232,,,,79.96065705179295,,,,0.5143549692433025,,,,-0.039802296267081955,,,
676439,-0.44321377195399614,,,,79.44310968540586,,,,0.40442724601503194,,,,-0.142953829355759,,,
676475,-0.420583534119923,,,,80.11354719122106,,,,0.4529914564099565,,,,-0.07742573196180999,,,
676551,-0.46008206731371115,,,,80.27593361260124,,,,0.27467888872497737,,,,-0.18219706071640487,,,
676572,-0.46450790718531954,,,,80.34810535543687,,,,0.4241747412057392,,,,-0.15753199034901957,,,
676609,-0.48901703930450946,,,,79.93121857774157,,,,0.35922742368963523,,,,-0.17534974267411582,,,
676632,-0.42922644783146013,,,,79.93311783413199,,,,0.3957237203569054,,,,-0.1996466776628834,,,
676679,-0.4563660319498135,,,,80.12399310136833,,,,0.34650126012229054,,,,-0.22048314009264475,,,
676694,-0.44647052204819854,,,,79.94261411608404,,,,0.43434104428539966,,,,-0.1626122585739437,,,
676701,-0.45699233004485246,,,,79.64822937557028,,,,0.411814271993778,,,,-0.15097918060962467,,,
676801,-0.4620862212178357,,,,79.87803939881006,,,,0.36500539450469405,,,,-0.21157426393009662,,,
676914,-0.4615434295354686,,,,80.57696575048143,,,,0.3467206767355206,,,,-0.20723026646240786,,,
677008,-0.44885045480934643,,,,80.64723823692665,,,,0.330630125098648,,,,-0.17292004917523907,,,
677347,-0.4455519515088081,,,,79.80966616875524,,,,0.3838020843714043,,,,-0.16062432752940817,,,
677587,-0.42667950224496853,,,,79.73084702855317,,,,0.4104246334433208,,,,-0.12300089183468013,,,
677588,-0.4445081213504099,,,,80.16102860098135,,,,0.3975521921338227,,,,-0.12270638353178598,,,
677594,-0.47335958692853636,,,,80.18002116488546,,,,0.36215297853270295,,,,-0.17638052173424534,,,
677649,-0.47678334984808246,,,,80.1705248829334,,,,0.40654827327625603,,,,-0.13286691998163427,,,
677800,-0.43766059551131764,,,,80.38893936783072,,,,0.3669801440237648,,,,-0.1778530632487161,,,
677870,-0.4803741255929723,,,,79.54851841507369,,,,0.3583497572367149,,,,-0.16872330585899736,,,
677941,-0.4713971862307477,,,,79.29116917417295,,,,0.35659442433087424,,,,-0.16349578348262617,,,
677942,-0.45031181703110396,,,,79.76218475899496,,,,0.36507853337577073,,,,-0.14361647303727085,,,
677950,-0.43824514040002066,,,,80.41837784188209,,,,0.45079729027765575,,,,-0.1535561282599485,,,
677951,-0.4774096479431214,,,,80.24364625396424,,,,0.4583305939985552,,,,-0.10901174744720787,,,
677956,-0.46095888464676565,,,,80.76404250493695,,,,0.36361575595423684,,,,-0.18580478742685824,,,
678009,-0.44609474319117515,,,,80.02143325628612,,,,0.3966013868098257,,,,-0.17976736721752812,,,
678225,-0.4371178038289506,,,,79.76028550260455,,,,0.3843140564689412,,,,-0.19949942351143635,,,
678246,-0.4641738815346321,,,,80.11734570400189,,,,0.3734895035495905,,,,-0.12822841421105136,,,
678489,-0.45444538445836086,,,,77.73852707501166,,,,0.4262957684669633,,,,-0.11254584708193771,,,
678554,-0.4561572659181339,,,,80.4354711493958,,,,0.4140084381260788,,,,-0.10231168355636591,,,
678662,-0.520123178024776,,,,80.16672637015259,,,,0.3328974301020255,,,,-0.19066417442461175,,,
678877,-0.4790797761965585,,,,80.6880722493205,,,,0.3327511523598721,,,,-0.1903696661217176,,,
678882,-0.513192145773012,,,,80.14488492166285,,,,0.3481834541570545,,,,-0.19486091774085343,,,
678894,-0.4613764167101249,,,,78.47448892629606,,,,0.37860922452495904,,,,-0.2088500621283257,,,
679032,-0.4787457505458711,,,,80.01573548711488,,,,0.45972023254901234,,,,-0.12727126222664537,,,
679529,-0.4672218655971549,,,,80.19141670322793,,,,0.3522060920662726,,,,-0.18146078995916948,,,
679822,-0.46830744896188903,,,,79.88753568076211,,,,0.33596926268724664,,,,-0.1982477632241362,,,
679845,-0.42789034522871044,,,,79.68336561879289,,,,0.47873633902895274,,,,-0.07183007420682108,,,
679881,-0.46630329505776447,,,,78.93031045999479,,,,0.3664681719262279,,,,-0.17969374014180456,,,
680118,-0.44784837785728415,,,,80.32911279153275,,,,0.4094738281193238,,,,-0.1955235614223653,,,
680474,-0.44889220801568236,,,,80.104050909269,,,,0.41239938296239154,,,,-0.20509508126642526,,,
680577,-0.45093811512614285,,,,78.74418333373447,,,,0.41971327007006093,,,,-0.14288020228003545,,,
680700,-0.4296439798948194,,,,80.00433994877241,,,,0.369540004511449,,,,-0.14626704776331823,,,
680716,-0.4557397338547746,,,,78.92271343443313,,,,0.39265188777168425,,,,-0.1780003174001632,,,
680718,-0.4487669483966746,,,,80.00339032057721,,,,0.41144857763839454,,,,-0.16901781416189152,,,
680728,-0.449100974047362,,,,79.79352248943675,,,,0.3622992562748564,,,,-0.19294661377204145,,,
680737,-0.4475978586192686,,,,79.63208569625178,,,,0.4129844939310051,,,,-0.18639380403264655,,,
680757,-0.4093936748218942,,,,79.55516581244012,,,,0.5439030731582868,,,,-0.024635118668033085,,,
680769,-0.45461239728370456,,,,78.42415863195016,,,,0.37539111419758453,,,,-0.18830810800145853,,,
680776,-0.43908020452673924,,,,80.04137544838544,,,,0.4230776581395888,,,,-0.14516264162746514,,,
680777,-0.4749044555629657,,,,80.10025239648819,,,,0.4071333842448696,,,,-0.13566474885912871,,,
680779,-0.4672636188034908,,,,80.34240758626564,,,,0.29186652342800035,,,,-0.21709629460936197,,,
680869,-0.45974804166302374,,,,80.16482711376217,,,,0.33947992849892794,,,,-0.2666473165713032,,,
680911,-0.4615434295354686,,,,79.55991395341616,,,,0.40062402471904385,,,,-0.16128697121092,,,
680977,-0.4274310599590152,,,,79.68716413157371,,,,0.5174268018285236,,,,-0.07050478684379739,,,
681082,-0.4465957816672063,,,,80.0860079735601,,,,0.450724151406579,,,,-0.07838288394621598,,,
681146,-0.45523869537874345,,,,79.70995520825865,,,,0.45087042914873243,,,,-0.11122055971891404,,,
681297,-0.41962321037419664,,,,80.09075611453613,,,,0.36559050547330757,,,,-0.2204095130169212,,,
681351,-0.4871798982257286,,,,80.12494272956353,,,,0.3593005625607119,,,,-0.21282592421739677,,,
681393,-0.4825870455287765,,,,80.13064049873476,,,,0.30810335280702633,,,,-0.23439865740439347,,,
681460,-0.4520654516972129,,,,80.3196165095807,,,,0.37999886307541625,,,,-0.16496832499709693,,,
681481,-0.4500195445867524,,,,80.68902187751571,,,,0.3664681719262279,,,,-0.21834795489666214,,,
681508,-0.4384956596380362,,,,80.57886500687185,,,,0.4012822745587341,,,,-0.15245172212409544,,,
681546,-0.4469298073178937,,,,80.1534315754197,,,,0.31695315620730624,,,,-0.23461953863156407,,,
681584,-0.4525664901732441,,,,79.99579329501556,,,,0.40976638360363055,,,,-0.23749099458478207,,,
681624,-0.47189822470677883,,,,80.11544644761148,,,,0.38182733485233356,,,,-0.1260196019393452,,,
681807,-0.4666790739147878,,,,80.436420777591,,,,0.36829664370314524,,,,-0.1464143019147653,,,
681962,-0.45715934287019616,,,,79.10124353513181,,,,0.3930175821270677,,,,-0.13978786509964686,,,
682073,-0.4361157268768883,,,,79.97395184652584,,,,0.4204446587808278,,,,-0.20060382964728943,,,
682119,-0.45699233004485246,,,,79.57130949175863,,,,0.40888871715071023,,,,-0.1634221564069026,,,
682177,-0.43573994801986493,,,,79.7185018620155,,,,0.33223918026233523,,,,-0.18558390619968762,,,
682617,-0.46576050337539737,,,,79.79447211763195,,,,0.3963088313255189,,,,-0.19522905311947114,,,
682622,-0.46283777893188244,,,,79.91792378300869,,,,0.36478597789146394,,,,-0.17534974267411582,,,
682626,-0.4424204610336135,,,,80.15058269083409,,,,0.4049392181125688,,,,-0.18300695854936377,,,
682634,-0.44734733938125304,,,,77.8961653554158,,,,0.44319084768567957,,,,-0.1267558726965806,,,
682641,-0.47644932419739505,,,,80.46870813622799,,,,0.45021217930904217,,,,-0.07315536156984477,,,
682657,-0.45803616020325066,,,,80.45826222608073,,,,0.40640199553410267,,,,-0.09060497851632333,,,
682668,-0.46179394877348423,,,,79.38423273730311,,,,0.4303184063761815,,,,-0.14781321635351252,,,
682729,-0.44855818236499495,,,,79.47254815945723,,,,0.38797100002277585,,,,-0.1556913134559311,,,
682829,-0.4241743098648128,,,,79.9692037055498,,,,0.3887023887335428,,,,-0.2416141108253002,,,
682868,-0.4555727210294309,,,,80.05467024311831,,,,0.4521869288281129,,,,-0.1760860134313512,,,
682928,-0.4332765088460452,,,,80.13728789610121,,,,0.3895800551864631,,,,-0.1422175585985236,,,
682985,-0.42066704053259485,,,,80.40603267534442,,,,0.3834363900160208,,,,-0.18131353580772241,,,
682988,-0.4687667342315842,,,,80.49909623847458,,,,0.3280702646109637,,,,-0.19221034301480605,,,
682998,-0.4045085496805906,,,,80.23509960020739,,,,0.4774929782206489,,,,-0.10142815864768345,,,
683002,-0.4178278225017517,,,,80.06226726867996,,,,0.41686085409806983,,,,-0.15016928277666575,,,
683011,-0.48029061918030047,,,,79.74414182328606,,,,0.40793791182671324,,,,-0.13323505536025196,,,
683021,-0.4551969421724075,,,,79.40987269857365,,,,0.46798492498067873,,,,-0.056294761229154514,,,
683083,-0.4456772111278159,,,,79.27312623846404,,,,0.39960008052397017,,,,-0.11755248823113831,,,
683146,-0.4654682309310459,,,,80.27403435621082,,,,0.37385519790497396,,,,-0.1568693466675077,,,
683734,-0.46304654496356207,,,,80.24174699757383,,,,0.4292944621811078,,,,-0.10945350990154912,,,
683737,-0.4306878100532176,,,,80.2028122415704,,,,0.36098275659547585,,,,-0.1684287975561032,,,
686217,-0.4272640471336715,,,,79.59030205566273,,,,0.500166028254424,,,,-0.04525069987062379,,,
686452,-0.4425874738589572,,,,79.72609888757715,,,,0.39842985858674307,,,,-0.11806787776120309,,,
686469,-0.4321074190686392,,,,80.56272132755335,,,,0.4731046459560473,,,,-0.05887170887947836,,,
686482,-0.44079208598651226,,,,79.33770095573803,,,,0.4213223252337482,,,,-0.17645414880996887,,,
686527,-0.44250396744628534,,,,80.44781631593347,,,,0.3707833653197528,,,,-0.1970697300125596,,,
686554,-0.4436313040173554,,,,79.8182128225121,,,,0.3558630356201073,,,,-0.23204259098124025,,,
686555,-0.45127214077683026,,,,80.00528957696761,,,,0.33809028994847073,,,,-0.2101753494913494,,,
686611,-0.4470133137305656,,,,79.9198230393991,,,,0.4336827944457094,,,,-0.1304372264827575,,,
686668,-0.44797363747629193,,,,80.18097079308068,,,,0.4054511902101056,,,,-0.18911800583441746,,,
686676,-0.47248276959548186,,,,79.734645541334,,,,0.3420397889866122,,,,-0.2360184530703113,,,
686681,-0.4701445900406699,,,,80.0679650378512,,,,0.441654931393069,,,,-0.07102017637386217,,,
686765,-0.4453431854771285,,,,79.67291970864562,,,,0.3734895035495905,,,,-0.14575165823325345,,,
686780,-0.46129291029745306,,,,79.72135074660112,,,,0.3805108351729531,,,,-0.15466053439580157,,,
686797,-0.4332765088460452,,,,79.95495928262172,,,,0.4766153117677286,,,,-0.08375766047403427,,,
686823,-0.4396647494154422,,,,79.9692037055498,,,,0.44794487430566465,,,,-0.08662911642725227,,,
686894,-0.4511886343641584,,,,78.97304372877905,,,,0.39477291503290834,,,,-0.15370338241139558,,,
687093,-0.45239947734790037,,,,79.66532268308399,,,,0.4336827944457094,,,,-0.14648792899048882,,,
687231,-0.44058331995483263,,,,79.10599167610783,,,,0.43083037847371836,,,,-0.16018256507506695,,,
687263,-0.46972705797731057,,,,80.51618954598827,,,,0.40508549585472214,,,,-0.17203652426655658,,,
687363,-0.4237150245951176,,,,79.83340687363538,,,,0.4124725218334682,,,,-0.14148128784128824,,,
687401,-0.4467210412862141,,,,79.97490147472104,,,,0.4445073473650601,,,,-0.08596647274574042,,,
687462,-0.45786914737790696,,,,79.63018643986138,,,,0.4025256353670379,,,,-0.1042259875251779,,,
687529,-0.4426292270652931,,,,79.79922025860799,,,,0.3026179374762743,,,,-0.29661353639078325,,,
687597,-0.4546541504900405,,,,79.7840262074847,,,,0.34481906608752655,,,,-0.21584463432206183,,,
687799,-0.4477231182382764,,,,79.16866713699142,,,,0.40296446859349805,,,,-0.13897796726668793,,,
687952,-0.47022809645334174,,,,79.9692037055498,,,,0.36683386628161135,,,,-0.1570166008189548,,,
687957,-0.44684630090522187,,,,80.14488492166285,,,,0.4045003848861086,,,,-0.16217049611960246,,,
688363,-0.45874596471096146,,,,80.80962465830683,,,,0.3440145385056829,,,,-0.16136059828664356,,,
689172,-0.41979022319954035,,,,79.66532268308399,,,,0.42622262959588664,,,,-0.14781321635351252,,,
690291,-0.4503953234437758,,,,80.00908808974845,,,,0.3408695670493851,,,,-0.18043001089903996,,,
690993,-0.43281722357635,,,,79.94356374427925,,,,0.446920930110591,,,,-0.15193633259403067,,,
691011,-0.446220002810183,,,,79.89703196271417,,,,0.3652248111179241,,,,-0.16533646037571462,,,
691016,-0.41653347310533795,,,,80.5893109170191,,,,0.4115217165094712,,,,-0.20259176069182494,,,
691023,-0.47239926318281,,,,80.31676762499508,,,,0.39484605390398503,,,,-0.19243122424197667,,,
691026,-0.48312983721114355,,,,79.95021114164568,,,,0.4439953752675232,,,,-0.0942127052267767,,,
691176,-0.4470550669369015,,,,80.44401780315265,,,,0.3399187617253881,,,,-0.14943301201943035,,,
691182,-0.45373557995065006,,,,79.59410056844355,,,,0.41693399296914657,,,,-0.10260619185926007,,,
691406,-0.44471688738208953,,,,80.38514085504988,,,,0.44918823511396844,,,,-0.1828597043979167,,,
691594,-0.4584536922666099,,,,79.83150761724498,,,,0.4477254576924346,,,,-0.09097311389494102,,,
691718,-0.45390259277599376,,,,80.14488492166285,,,,0.37180730951482655,,,,-0.15237809504837188,,,
691723,-0.4553222017914153,,,,80.07176355063201,,,,0.30568977006149545,,,,-0.23204259098124025,,,
693049,-0.4489339612220183,,,,79.74888996426208,,,,0.374806003228971,,,,-0.15053741815528343,,,
693304,-0.4810004236880112,,,,80.11639607580668,,,,0.4150323823211525,,,,-0.13551749470768165,,,
693307,-0.4807916576563316,,,,80.49054958471773,,,,0.35527792465149377,,,,-0.14310108350720607,,,
694175,-0.45803616020325066,,,,79.93786597510801,,,,0.35359573061672983,,,,-0.18293333147364024,,,
694192,-0.4486416887776668,,,,80.19141670322793,,,,0.4454581526890571,,,,-0.1701222202977446,,,
694355,-0.4513138939831662,,,,80.09075611453613,,,,0.39374897083783467,,,,-0.16275951272539077,,,
694359,-0.44338078477933984,,,,80.84096238874862,,,,0.3472326488330575,,,,-0.22467988340888642,,,
694362,-0.4581196666159225,,,,79.65772565752233,,,,0.36237239514593306,,,,-0.16754527264742075,,,
694376,-0.4612094038847812,,,,79.57415837634424,,,,0.41612946538730294,,,,-0.11593269256522047,,,
694377,-0.46830744896188903,,,,80.00908808974845,,,,0.37860922452495904,,,,-0.19662796755821838,,,
694384,-0.39791154307951393,,,,79.47064890306682,,,,0.4733240625692774,,,,-0.0917093846521764,,,
694388,-0.4381616339873488,,,,79.66057454210795,,,,0.32989873638788103,,,,-0.2140775845046969,,,
694497,-0.4138612678998385,,,,79.85714757851554,,,,0.43587696057801023,,,,-0.15223084089692482,,,
694671,-0.44943499969804945,,,,80.38988899602592,,,,0.44143551477983894,,,,-0.12815478713532782,,,
695238,-0.45974804166302374,,,,78.92176380623793,,,,0.42585693524050316,,,,-0.12064482541152692,,,
695257,-0.4648001796296711,,,,79.93406746232719,,,,0.35505850803826366,,,,-0.248976818397654,,,
695336,-0.46196096159882793,,,,79.82391059168333,,,,0.38914122196000295,,,,-0.1404505087811587,,,
695391,-0.4415853969068949,,,,80.18002116488546,,,,0.42607635185373327,,,,-0.14994840154949513,,,
695578,-0.41653347310533795,,,,80.54467839184444,,,,0.41612946538730294,,,,-0.18462675421528163,,,
696100,-0.4799148403232771,,,,80.43167263661496,,,,0.35271806416380946,,,,-0.18123990873199886,,,
696285,-0.45010305099942427,,,,79.57130949175863,,,,0.4706910632105164,,,,-0.1129139824605554,,,
700242,-0.4420864353829261,,,,80.26168918967315,,,,0.37795097468526884,,,,-0.24345478771838866,,,
700250,-0.42480060795985175,,,,80.08885685814572,,,,0.37356264242066717,,,,-0.16894418708616799,,,
700932,-0.4336105344967326,,,,80.59026054521432,,,,0.4023062187538078,,,,-0.1503165369281128,,,
701305,-0.4598315480756956,,,,80.46680887983757,,,,0.3731969480652837,,,,-0.19603895095243007,,,
701538,-0.4522324645225566,,,,80.12589235775874,,,,0.41342332715746527,,,,-0.10010287128465976,,,
702358,-0.46196096159882793,,,,79.91032675744705,,,,0.4186161870039105,,,,-0.14015600047826454,,,
702616,-0.42580268491191403,,,,79.89323344993335,,,,0.37034453209329266,,,,-0.20745114768957848,,,
805373,-0.46542647772470996,,,,79.28167289222088,,,,0.39506547051721513,,,,-0.12631411024223937,,,
805779,-0.4498107785550728,,,,79.72894777216277,,,,0.4856113929101619,,,,-0.06277394389282588,,,
807799,-0.4207505469452667,,,,79.95875779540253,,,,0.49548514050551556,,,,-0.055852998774813284,,,
808982,-0.44956025931705723,,,,79.89228382173815,,,,0.5330053813678595,,,,-0.02618128725822738,,,
